"EntrezGeneID","Variance"
"22373",24.2646825058527
"12797",24.2019757223867
"11475",23.8597068331371
"11468",23.7718076313256
"14663",23.6249135336657
"24117",23.5382899427853
"14264",23.5259362619946
"110308",23.4328374563989
"17880",23.1603292597916
"16008",22.8170679605683
"22004",22.2158565509633
"12993",22.047823885266
"57266",21.9562826079904
"12992",21.8514353669399
"98932",21.226618778321
"107589",21.091682975155
"252837",20.5456952393408
"100470",20.5162218551487
"78896",20.5115256731189
"50916",20.1520237704927
"12818",20.1042652068173
"109205",19.9985924211281
"12293",19.8753488096571
"16533",19.8630048149099
"208936",19.7516747167074
"56069",19.7406808722324
"12373",19.7163324515904
"14313",19.6261138708073
"211323",19.4862420430961
"12991",19.4247745937578
"59091",19.4169772761174
"17540",19.0795518444815
"104001",19.0717544290959
"65256",19.0243192227809
"226922",18.9939668768295
"22061",18.8572615044725
"100861621",18.6496928935636
"100689",18.5749707886585
"20272",18.5664354696336
"330222",18.545629937562
"22420",18.5267843379652
"12338",18.4836889848767
"19699",18.4354570564327
"74002",18.3942809728205
"18213",18.1928061108255
"14726",18.1887232469228
"77481",18.1549267212296
"237979",18.0462415425499
"55987",17.9354180340544
"50706",17.8313333197474
"54216",17.7637269917014
"17181",17.659990068032
"12821",17.5745046963438
"21804",17.5625590456943
"56747",17.4465571420996
"22409",17.1530468456017
"23964",17.1285743316352
"56191",17.0657800605321
"58178",17.0264385381673
"16846",16.7854870398501
"16667",16.783468950015
"59012",16.7160545726317
"233335",16.6802041215668
"77220",16.5826567083754
"50786",16.5460690454424
"72902",16.5288230646347
"233271",16.5250932212352
"21345",16.3637181744783
"26950",16.3525355312219
"68810",16.3436805945275
"16009",16.1823301135998
"20583",16.1363661140638
"432987",16.0060334130397
"545370",15.9797499167709
"170643",15.9785034605519
"16664",15.9134566259121
"21990",15.7993808105157
"118449",15.7844326298226
"13388",15.6729601049944
"12836",15.6585871592129
"244698",15.6499047466954
"22240",15.6468835722065
"67516",15.6315168962718
"214112",15.5186553390031
"15552",15.5026921306496
"18164",15.4560844589308
"216049",15.4364909529017
"12990",15.42034634932
"16531",15.4182756218252
"170638",15.3337372196486
"100042150",15.3260697145447
"12560",15.2447404606157
"329366",15.2162535972497
"270190",15.1272434999294
"93960",15.0503827972624
"12064",14.9702578518601
"12291",14.9662640954086
"171171",14.8888151548903
"12709",14.8515533876055
"12814",14.764448641461
"24050",14.7166239906926
"21367",14.6685590541147
"52377",14.657299906409
"15234",14.6534475629952
"73569",14.6496550944582
"629378",14.639006997764
"192200",14.6332348606457
"110935",14.6227102758719
"231532",14.6085207773738
"228911",14.603465702128
"14451",14.5520373103777
"16774",14.5374907231427
"21835",14.5273186860122
"66042",14.5034970402212
"140474",14.401736504914
"26362",14.3900664977392
"64082",14.3573637035303
"242050",14.2706859368509
"11754",14.2633537844647
"15117",14.2429903077965
"23888",14.2107859249398
"14621",14.1923276245105
"223838",14.1031890487593
"14048",14.1016312853884
"14077",14.0470424867455
"20564",14.0469413029297
"11839",14.0463783812725
"27226",14.0377350705341
"394435",14.0109879803978
"320183",13.9832993483761
"106565",13.9501167202415
"105653",13.932303505221
"104174",13.9112241092611
"68458",13.9014524297144
"244867",13.8795496882478
"268935",13.8695722123456
"226025",13.8620914398407
"235505",13.856622576843
"63913",13.8476942853338
"100861595",13.7704401675992
"57764",13.764861923414
"226778",13.7452847891564
"12444",13.7343931155853
"77590",13.7325849238912
"66793",13.7250154349076
"26360",13.703958656425
"12310",13.6722941212232
"497097",13.6624114679979
"624245",13.6244794738648
"104099",13.611440717963
"66873",13.6104368408528
"19116",13.5802553726461
"226041",13.5469974988207
"20541",13.5207500894709
"54156",13.5098456984562
"110135",13.5050112850094
"58250",13.4559950522109
"18703",13.4399432864214
"100042464",13.3623623352945
"230098",13.3492122302523
"29877",13.3013013268212
"381714",13.2966844973582
"83603",13.2337288695117
"12827",13.2196858901731
"16665",13.1870280347385
"18163",13.1813866071884
"20309",13.1614974292452
"12740",13.141293733422
"12816",13.1361288013316
"18830",13.1324521935929
"100861702",13.1299267464465
"14118",13.0973635602025
"114679",13.0848716501358
"72169",13.067099451445
"30785",13.0565411008364
"70717",13.0556763256277
"63873",13.0302772002303
"14160",13.0284876589386
"69121",13.026319143884
"380785",13.0216065549023
"12804",12.9857018175911
"360220",12.9547132375507
"74103",12.8739401944175
"16450",12.8504231905365
"70370",12.8349159573118
"23965",12.8169818539747
"12111",12.8046196398789
"20192",12.7863563884539
"14586",12.7358375290533
"12683",12.7316611791485
"94214",12.719325656876
"269132",12.7033362546136
"193385",12.7018118741874
"15904",12.6952690990431
"76686",12.688871358296
"20356",12.6216366347671
"99035",12.616891394473
"18779",12.6108414946148
"17260",12.5867951491916
"12822",12.5821597953172
"214523",12.5793714212138
"14219",12.5706400841877
"320587",12.5569915719224
"100503819",12.5193384428658
"224079",12.5104361581823
"18669",12.5049387168032
"17380",12.5013617221075
"20716",12.4451256755644
"58809",12.4420886678447
"70598",12.4389324634796
"14314",12.4331599892885
"20390",12.4319127197722
"110895",12.4255679253106
"20717",12.3962141413235
"54195",12.3679034293094
"268723",12.3636101154157
"100861755",12.3520447111722
"14807",12.3391070924747
"16688",12.3277169429768
"594844",12.2669296593621
"20750",12.2646362137964
"11636",12.1785833657012
"74048",12.1615079053223
"319352",12.1572937607491
"13874",12.1371251962868
"76220",12.1235070816951
"11941",12.0974526930097
"94179",12.0860335254829
"270157",12.0448019516816
"217843",12.0287604127852
"230775",11.9654104335879
"68553",11.9599754660973
"270150",11.9239551709479
"20271",11.9183698777445
"20692",11.8842186575516
"215378",11.8714988377184
"12326",11.8482719612574
"12840",11.8213913938537
"16764",11.8137066188087
"207777",11.8032419213119
"70784",11.7968383125185
"16770",11.747111210147
"14620",11.664956323854
"215384",11.633390171099
"76820",11.6291717410435
"20528",11.6146912234119
"233651",11.5917172285377
"13717",11.5855128845585
"240675",11.5829705659747
"23828",11.5769335684393
"94217",11.5692565776908
"666794",11.5505627750105
"269120",11.5500518227103
"68239",11.5149895320248
"22411",11.5083458127021
"330812",11.5044081224437
"67448",11.5030883928042
"237759",11.5030508096559
"94284",11.4992768931228
"72333",11.4705009668769
"66773",11.4270743849291
"241556",11.418529031378
"18205",11.392831801693
"11302",11.378787496406
"53318",11.3684473231106
"18858",11.3633303520206
"14275",11.3622609720543
"666048",11.3465593243695
"116847",11.3412051861125
"11810",11.340202182797
"171284",11.3193071271927
"18654",11.3131546389465
"68203",11.2793480360858
"319991",11.2670547525671
"242022",11.2417126547342
"100042480",11.2414297474391
"268860",11.2344793570785
"219148",11.1922884044183
"18601",11.1729303522978
"108927",11.17184945631
"628900",11.1714378832005
"19242",11.1641097697042
"16425",11.145499041262
"56213",11.1012060088286
"100043899",11.0732612390322
"93689",11.068503829992
"546546",11.0523542552338
"74480",11.0510229646855
"11830",11.044453292001
"109624",11.0383783780135
"12173",11.0351163942842
"100604",11.02155983138
"17967",11.0043655695006
"320916",10.989711906388
"18772",10.9792067533498
"23967",10.9752691299255
"13656",10.962790554386
"11568",10.9315617663319
"217169",10.9039813080807
"330267",10.8922355570084
"71685",10.8874762130325
"12826",10.8637688116541
"13003",10.8562848425453
"12505",10.8430850456443
"320873",10.8206535756876
"214968",10.7994403508935
"22062",10.7903266146979
"226866",10.7736379782375
"230099",10.7732585643618
"66141",10.756898096261
"66725",10.7255434103896
"12994",10.7152007785266
"16687",10.7063151507336
"72930",10.6884125740986
"21943",10.6596916198907
"15439",10.6315943748491
"100034251",10.6244291704775
"14585",10.5949337008058
"67252",10.5940512376094
"80892",10.5849996060875
"243961",10.5493530733206
"622127",10.5355778156989
"71738",10.5275884060083
"13527",10.5270905614866
"109676",10.5123409624533
"69538",10.5007915992996
"114304",10.4783366637251
"228543",10.4726362523349
"225187",10.4497794812795
"14623",10.4468167833341
"16858",10.4117205125271
"13507",10.4039804705893
"259300",10.3971617917112
"381290",10.3588339819169
"26874",10.358078738405
"53311",10.3348935007646
"231470",10.3097201248881
"71345",10.2922341285085
"109731",10.2798550876212
"11504",10.2796825275483
"12613",10.268274965924
"56461",10.2551774877335
"29856",10.2495019889314
"20209",10.2447732879836
"11936",10.2414623876379
"94109",10.2403158092705
"20927",10.2283183640584
"319530",10.1829526804547
"12554",10.1779989994189
"12231",10.1407388210417
"69540",10.1303743675203
"11982",10.1297144327331
"12945",10.1192627737567
"54420",10.1181699577089
"246228",10.1015754325195
"224065",10.097205937439
"69638",10.0964522913046
"319909",10.0879394889128
"236899",10.0836385244594
"240638",10.0708319756423
"101202",10.0571313279983
"16768",10.0459866944704
"19414",10.0351213214072
"72607",10.0281513478967
"381983",10.0134851503612
"108151",10.0116330292666
"243743",9.99355570648475
"26559",9.99158998573199
"216021",9.9837198111211
"12162",9.98130706690774
"26366",9.97433933884628
"11647",9.97411949724349
"207181",9.97134940410395
"14038",9.96251831305793
"73173",9.95011801865988
"16590",9.94969291021103
"26564",9.93462197624348
"71753",9.91023990235933
"56277",9.90728476029574
"17068",9.90169344708166
"69324",9.90125752121818
"16997",9.89642480496266
"12298",9.89491154424393
"93843",9.89003585909871
"50795",9.87416857773509
"57435",9.85490141008396
"74519",9.84726258503975
"78508",9.83770649487244
"21385",9.82752652432639
"19663",9.78472492839507
"18985",9.7829784895746
"373864",9.75958682749491
"16956",9.73112830068358
"14633",9.72796429232614
"12389",9.70298312576502
"72401",9.69228729368166
"110075",9.69005384667204
"93761",9.68848105896557
"11816",9.67599741738764
"64177",9.6746757868402
"12832",9.6728843271532
"105859",9.66035020994166
"121021",9.65300141432712
"76459",9.63556910750959
"11549",9.62107662195745
"59056",9.60860814992583
"16852",9.59204207580483
"18483",9.54825224319143
"330319",9.53090429317513
"320489",9.50300208402136
"109594",9.49391518862889
"239606",9.47479645642888
"625638",9.4629526015241
"20537",9.46228869500382
"80888",9.46171644037573
"14619",9.45310564729029
"218121",9.41303753098581
"52250",9.3977024284411
"53624",9.39296704405213
"18260",9.38176036162481
"13497",9.3608573215677
"208076",9.35876980525586
"19283",9.35745131187334
"20531",9.33130998631829
"231503",9.31017974064609
"278507",9.30334276840947
"100040792",9.25850293228207
"100040543",9.25464959225522
"19092",9.25456432571295
"77125",9.25153326370554
"100616095",9.23512184696136
"83691",9.22153087968701
"99571",9.2213389380351
"21961",9.21782281628948
"246190",9.21599704735836
"13711",9.21415102159002
"20306",9.21235508077837
"241197",9.19483463759324
"19285",9.19457528811909
"21414",9.18026444874278
"242505",9.16537339807054
"100861633",9.16075783897431
"23959",9.15059199066687
"22352",9.14929831030511
"211577",9.1450519483142
"26365",9.13906452468421
"17762",9.13539272024535
"71690",9.13525385068512
"17754",9.13522837435913
"209195",9.1309206236087
"20201",9.1300015278957
"211961",9.1128402773206
"14778",9.10939100514497
"17002",9.10025289929232
"378435",9.06684233534761
"80883",9.0582855572004
"406223",9.0336360360451
"624759",9.0237261922698
"50722",9.02197148586159
"13803",9.01757463276419
"14609",9.01480012604387
"103161",9.01290656409519
"71721",9.01097674654789
"100503868",9.00672788330822
"17390",8.99696502189697
"83492",8.9943247906682
"13844",8.98279193269647
"21953",8.97931851513991
"100503562",8.97429633506788
"16010",8.95623145788198
"20210",8.95301241702488
"67305",8.94461009173222
"140703",8.93068268272373
"67451",8.92847735450834
"72293",8.90207410812582
"71740",8.89559304984286
"236915",8.88085780627462
"20411",8.87835026249678
"93706",8.85352241062737
"210297",8.85120093517712
"11838",8.84228191098839
"74562",8.81227357090197
"328968",8.81212517658715
"12798",8.79575600808725
"108760",8.79014795058459
"52024",8.78592431672615
"27762",8.77563921011062
"12563",8.76426902312348
"12833",8.76089680915887
"239673",8.75982854287818
"22021",8.75801073860191
"234593",8.74416991084586
"70779",8.74355305366477
"232670",8.74326225898935
"20198",8.7385286359567
"109700",8.72184995154854
"20277",8.66540932460128
"106014",8.65582645290142
"70967",8.64890543848519
"232016",8.6397218774718
